{
	"general": {
		"disable_mod": false,
		"hide_bossbar": true,
		"shadow_text": true,
		"auto_start": false,
		"animationSpeed": 1.0,
		"always_show_ping": false,
		"hide_debug_crosshair": false,
		"background_color": 1867534416,
		"space_modules": false,
		"always_show_profiler": false,
		"animations": false,
		"fontScale": 1.0,
		"hide_sidebar": true,
		"always_show_tps": false
	},
	"modules_right": [],
	"modules_left": [
		{
			"color_x": 16777215,
			"color_y": 16777215,
			"color_z": 16777215,
			"name": "coords",
			"name_color": 16777215,
			"lines": {
				"chunk_coords": false,
				"player_coords": true,
				"block_coords": false,
				"absolute_velocity": false,
				"velocity": false,
				"chunk_relative_coords": false,
				"horizontal_velocity": false
			},
			"enabled": true
		}, 
		{
			"name": "location",
			"name_color": 16777215,
			"value_color": 16777215,
			"lines": {
				"light": false,
				"biome": false,
				"rotation": false,
				"facing": true,
				"slime_chunk": false,
				"local_difficulty": false,
				"day_ticks": false,
				"days_played": false,
				"dimension": false,
				"highest_block": false,
				"highest_block_server": false,
				"light_server": false
			},
			"enabled": true
		}
	]
}