{
  "hardwareMode": "REDUCED",
  "hideActiveRenderer": true,
  "hideTags": true,
  "hideDebugHints": true,
  "shyFluids": true,
  "hideHelpShortcut": true,
  "hideNoiseRouter": true,
  "onlyShowNecessary": false,
  "hideCoordinates": false,
  "hideSodium": true,
  "hideIris": true,
  "hideLitematica": true,
  "hideEntityCulling": true,
  "hideViaFabric": true,
  "hidePresenceFootsteps": true,
  "hideDistantHorizons": true,
  "hideModernFix": true,
  "hideJourneyMap": true,
  "hideLambDynamicLights": true,
  "hideDynamicFps": true,
  "hideCaveDust": true
}